-- MySQL Script generated by MySQL Workbench
-- Sat Jun 11 13:43:06 2022
-- Model: New Model    Version: 1.0
-- MySQL Workbench Forward Engineering

SET @OLD_UNIQUE_CHECKS=@@UNIQUE_CHECKS, UNIQUE_CHECKS=0;
SET @OLD_FOREIGN_KEY_CHECKS=@@FOREIGN_KEY_CHECKS, FOREIGN_KEY_CHECKS=0;
SET @OLD_SQL_MODE=@@SQL_MODE, SQL_MODE='ONLY_FULL_GROUP_BY,STRICT_TRANS_TABLES,NO_ZERO_IN_DATE,NO_ZERO_DATE,ERROR_FOR_DIVISION_BY_ZERO,NO_ENGINE_SUBSTITUTION';

-- -----------------------------------------------------
-- Schema recipe_app
-- -----------------------------------------------------
DROP SCHEMA IF EXISTS `recipe_app` ;

-- -----------------------------------------------------
-- Schema recipe_app
-- -----------------------------------------------------
CREATE SCHEMA IF NOT EXISTS `recipe_app` DEFAULT CHARACTER SET utf8 ;
USE `recipe_app` ;

-- -----------------------------------------------------
-- Table `recipe_app`.`Allergen`
-- -----------------------------------------------------
DROP TABLE IF EXISTS `recipe_app`.`Allergen` ;

CREATE TABLE IF NOT EXISTS `recipe_app`.`Allergen` (
  `id` INT NOT NULL AUTO_INCREMENT,
  `Allergen` VARCHAR(45) NOT NULL,
  PRIMARY KEY (`id`))
ENGINE = InnoDB;


-- -----------------------------------------------------
-- Table `recipe_app`.`Ethnic_Origin`
-- -----------------------------------------------------
DROP TABLE IF EXISTS `recipe_app`.`Ethnic_Origin` ;

CREATE TABLE IF NOT EXISTS `recipe_app`.`Ethnic_Origin` (
  `id` INT NOT NULL AUTO_INCREMENT,
  `Ethnicity` VARCHAR(45) NOT NULL,
  PRIMARY KEY (`id`),
  UNIQUE INDEX `Ethnicity_UNIQUE` (`Ethnicity` ASC) VISIBLE)
ENGINE = InnoDB;


-- -----------------------------------------------------
-- Table `recipe_app`.`Image`
-- -----------------------------------------------------
DROP TABLE IF EXISTS `recipe_app`.`Image` ;

CREATE TABLE IF NOT EXISTS `recipe_app`.`Image` (
  `recipeID` INT NOT NULL,
  `image` BLOB NULL,
  PRIMARY KEY (`recipeID`),
  CONSTRAINT `image_recipeid_references_recipe_id`
    FOREIGN KEY (`recipeID`)
    REFERENCES `recipe_app`.`Recipe` (`id`)
    ON DELETE NO ACTION
    ON UPDATE NO ACTION)
ENGINE = InnoDB;


-- -----------------------------------------------------
-- Table `recipe_app`.`Ingredient`
-- -----------------------------------------------------
DROP TABLE IF EXISTS `recipe_app`.`Ingredient` ;

CREATE TABLE IF NOT EXISTS `recipe_app`.`Ingredient` (
  `id` INT NOT NULL AUTO_INCREMENT,
  `Ingredient` VARCHAR(45) NOT NULL,
  `typeOfFoodID` INT NOT NULL,
  `Nutrition_id` INT NOT NULL,
  PRIMARY KEY (`id`),
  UNIQUE INDEX `Ingredient_UNIQUE` (`Ingredient` ASC) VISIBLE,
  INDEX `fk_Ingredient_Type_of_Food1_idx` (`typeOfFoodID` ASC) VISIBLE,
  INDEX `fk_Ingredient_Nutrition1_idx` (`Nutrition_id` ASC) VISIBLE,
  CONSTRAINT `fk_Ingredient_Type_of_Food1`
    FOREIGN KEY (`typeOfFoodID`)
    REFERENCES `recipe_app`.`Type_of_Food` (`id`)
    ON DELETE NO ACTION
    ON UPDATE NO ACTION,
  CONSTRAINT `fk_Ingredient_Nutrition1`
    FOREIGN KEY (`Nutrition_id`)
    REFERENCES `recipe_app`.`Nutrition` (`id`)
    ON DELETE NO ACTION
    ON UPDATE NO ACTION)
ENGINE = InnoDB;


-- -----------------------------------------------------
-- Table `recipe_app`.`Ingredient_has_Allergen`
-- -----------------------------------------------------
DROP TABLE IF EXISTS `recipe_app`.`Ingredient_has_Allergen` ;

CREATE TABLE IF NOT EXISTS `recipe_app`.`Ingredient_has_Allergen` (
  `ingredientID` INT NOT NULL,
  `allergenID` INT NOT NULL,
  PRIMARY KEY (`ingredientID`, `allergenID`),
  INDEX `fk_Ingredient_has_Allergy_Allergy1_idx` (`allergenID` ASC) VISIBLE,
  INDEX `fk_Ingredient_has_Allergy_Ingredient1_idx` (`ingredientID` ASC) VISIBLE,
  CONSTRAINT `fk_Ingredient_has_Allergy_Ingredient1`
    FOREIGN KEY (`ingredientID`)
    REFERENCES `recipe_app`.`Ingredient` (`id`)
    ON DELETE NO ACTION
    ON UPDATE NO ACTION,
  CONSTRAINT `fk_Ingredient_has_Allergy_Allergy1`
    FOREIGN KEY (`allergenID`)
    REFERENCES `recipe_app`.`Allergen` (`id`)
    ON DELETE NO ACTION
    ON UPDATE NO ACTION)
ENGINE = InnoDB;


-- -----------------------------------------------------
-- Table `recipe_app`.`Kitchenware`
-- -----------------------------------------------------
DROP TABLE IF EXISTS `recipe_app`.`Kitchenware` ;

CREATE TABLE IF NOT EXISTS `recipe_app`.`Kitchenware` (
  `id` INT NOT NULL AUTO_INCREMENT,
  `Kitchenware` VARCHAR(45) NOT NULL,
  PRIMARY KEY (`id`),
  UNIQUE INDEX `Kitchenware_UNIQUE` (`Kitchenware` ASC) VISIBLE)
ENGINE = InnoDB;


-- -----------------------------------------------------
-- Table `recipe_app`.`Nutrition`
-- -----------------------------------------------------
DROP TABLE IF EXISTS `recipe_app`.`Nutrition` ;

CREATE TABLE IF NOT EXISTS `recipe_app`.`Nutrition` (
  `id` INT NOT NULL AUTO_INCREMENT,
  `Stub` VARCHAR(45) NOT NULL,
  PRIMARY KEY (`id`))
ENGINE = InnoDB;


-- -----------------------------------------------------
-- Table `recipe_app`.`Recipe`
-- -----------------------------------------------------
DROP TABLE IF EXISTS `recipe_app`.`Recipe` ;

CREATE TABLE IF NOT EXISTS `recipe_app`.`Recipe` (
  `id` INT NOT NULL AUTO_INCREMENT,
  `Name` VARCHAR(45) NOT NULL,
  `Instructions` TEXT NOT NULL,
  `cooktime` INT NOT NULL,
  `nutritionID` INT NOT NULL,
  `ethnicOriginID` INT NOT NULL,
  PRIMARY KEY (`id`),
  INDEX `fk_Recipe_Nutrition1_idx` (`nutritionID` ASC) VISIBLE,
  INDEX `fk_Recipe_Ethnic_Origin1_idx` (`ethnicOriginID` ASC) VISIBLE,
  CONSTRAINT `fk_Recipe_Nutrition1`
    FOREIGN KEY (`nutritionID`)
    REFERENCES `recipe_app`.`Nutrition` (`id`)
    ON DELETE NO ACTION
    ON UPDATE NO ACTION,
  CONSTRAINT `fk_Recipe_Ethnic_Origin1`
    FOREIGN KEY (`ethnicOriginID`)
    REFERENCES `recipe_app`.`Ethnic_Origin` (`id`)
    ON DELETE NO ACTION
    ON UPDATE NO ACTION)
ENGINE = InnoDB;


-- -----------------------------------------------------
-- Table `recipe_app`.`Recipe_has_Ingredient`
-- -----------------------------------------------------
DROP TABLE IF EXISTS `recipe_app`.`Recipe_has_Ingredient` ;

CREATE TABLE IF NOT EXISTS `recipe_app`.`Recipe_has_Ingredient` (
  `recipeID` INT NOT NULL,
  `ingredientID` INT NOT NULL,
  PRIMARY KEY (`recipeID`, `ingredientID`),
  INDEX `fk_Recipe_has_Ingredient_Ingredient1_idx` (`ingredientID` ASC) VISIBLE,
  INDEX `fk_Recipe_has_Ingredient_Recipe1_idx` (`recipeID` ASC) VISIBLE,
  CONSTRAINT `fk_Recipe_has_Ingredient_Recipe1`
    FOREIGN KEY (`recipeID`)
    REFERENCES `recipe_app`.`Recipe` (`id`)
    ON DELETE NO ACTION
    ON UPDATE NO ACTION,
  CONSTRAINT `fk_Recipe_has_Ingredient_Ingredient1`
    FOREIGN KEY (`ingredientID`)
    REFERENCES `recipe_app`.`Ingredient` (`id`)
    ON DELETE NO ACTION
    ON UPDATE NO ACTION)
ENGINE = InnoDB;


-- -----------------------------------------------------
-- Table `recipe_app`.`Recipe_is_a_Type_of_Meal`
-- -----------------------------------------------------
DROP TABLE IF EXISTS `recipe_app`.`Recipe_is_a_Type_of_Meal` ;

CREATE TABLE IF NOT EXISTS `recipe_app`.`Recipe_is_a_Type_of_Meal` (
  `recipeID` INT NOT NULL,
  `typeOfMealID` INT NOT NULL,
  PRIMARY KEY (`recipeID`, `typeOfMealID`),
  INDEX `fk_Recipe_has_Type_of_Meal_Type_of_Meal1_idx` (`typeOfMealID` ASC) VISIBLE,
  INDEX `fk_Recipe_has_Type_of_Meal_Recipe1_idx` (`recipeID` ASC) VISIBLE,
  CONSTRAINT `fk_Recipe_has_Type_of_Meal_Recipe1`
    FOREIGN KEY (`recipeID`)
    REFERENCES `recipe_app`.`Recipe` (`id`)
    ON DELETE NO ACTION
    ON UPDATE NO ACTION,
  CONSTRAINT `fk_Recipe_has_Type_of_Meal_Type_of_Meal1`
    FOREIGN KEY (`typeOfMealID`)
    REFERENCES `recipe_app`.`Type_of_Meal` (`id`)
    ON DELETE NO ACTION
    ON UPDATE NO ACTION)
ENGINE = InnoDB;


-- -----------------------------------------------------
-- Table `recipe_app`.`Recipe_uses_Kitchenware`
-- -----------------------------------------------------
DROP TABLE IF EXISTS `recipe_app`.`Recipe_uses_Kitchenware` ;

CREATE TABLE IF NOT EXISTS `recipe_app`.`Recipe_uses_Kitchenware` (
  `recipeID` INT NOT NULL,
  `kitchenwareID` INT NOT NULL,
  PRIMARY KEY (`recipeID`, `kitchenwareID`),
  INDEX `fk_Recipe_has_Cookware_Cookware1_idx` (`kitchenwareID` ASC) VISIBLE,
  INDEX `fk_Recipe_has_Cookware_Recipe1_idx` (`recipeID` ASC) VISIBLE,
  CONSTRAINT `fk_Recipe_has_Cookware_Recipe1`
    FOREIGN KEY (`recipeID`)
    REFERENCES `recipe_app`.`Recipe` (`id`)
    ON DELETE NO ACTION
    ON UPDATE NO ACTION,
  CONSTRAINT `fk_Recipe_has_Cookware_Cookware1`
    FOREIGN KEY (`kitchenwareID`)
    REFERENCES `recipe_app`.`Kitchenware` (`id`)
    ON DELETE NO ACTION
    ON UPDATE NO ACTION)
ENGINE = InnoDB;


-- -----------------------------------------------------
-- Table `recipe_app`.`Type_of_Food`
-- -----------------------------------------------------
DROP TABLE IF EXISTS `recipe_app`.`Type_of_Food` ;

CREATE TABLE IF NOT EXISTS `recipe_app`.`Type_of_Food` (
  `id` INT NOT NULL AUTO_INCREMENT,
  `Type` VARCHAR(45) NOT NULL,
  PRIMARY KEY (`id`))
ENGINE = InnoDB;


-- -----------------------------------------------------
-- Table `recipe_app`.`Type_of_Meal`
-- -----------------------------------------------------
DROP TABLE IF EXISTS `recipe_app`.`Type_of_Meal` ;

CREATE TABLE IF NOT EXISTS `recipe_app`.`Type_of_Meal` (
  `id` INT NOT NULL AUTO_INCREMENT,
  `Type` VARCHAR(45) NOT NULL,
  PRIMARY KEY (`id`))
ENGINE = InnoDB;


SET SQL_MODE=@OLD_SQL_MODE;
SET FOREIGN_KEY_CHECKS=@OLD_FOREIGN_KEY_CHECKS;
SET UNIQUE_CHECKS=@OLD_UNIQUE_CHECKS;

-- -----------------------------------------------------
-- Data for table `recipe_app`.`Allergen`
-- -----------------------------------------------------
START TRANSACTION;
USE `recipe_app`;
INSERT INTO `recipe_app`.`Allergen` (`id`, `Allergen`) VALUES (1, 'Buckwheat');
INSERT INTO `recipe_app`.`Allergen` (`id`, `Allergen`) VALUES (2, 'Celery');
INSERT INTO `recipe_app`.`Allergen` (`id`, `Allergen`) VALUES (3, 'Egg');
INSERT INTO `recipe_app`.`Allergen` (`id`, `Allergen`) VALUES (4, 'Fish');
INSERT INTO `recipe_app`.`Allergen` (`id`, `Allergen`) VALUES (5, 'Mango');
INSERT INTO `recipe_app`.`Allergen` (`id`, `Allergen`) VALUES (6, 'Strawberry');
INSERT INTO `recipe_app`.`Allergen` (`id`, `Allergen`) VALUES (7, 'Banana');
INSERT INTO `recipe_app`.`Allergen` (`id`, `Allergen`) VALUES (8, 'Avocado');
INSERT INTO `recipe_app`.`Allergen` (`id`, `Allergen`) VALUES (9, 'Kiwi');
INSERT INTO `recipe_app`.`Allergen` (`id`, `Allergen`) VALUES (10, 'Stone Fruit');
INSERT INTO `recipe_app`.`Allergen` (`id`, `Allergen`) VALUES (11, 'Rose Fruit');
INSERT INTO `recipe_app`.`Allergen` (`id`, `Allergen`) VALUES (12, 'Hot Peppers');
INSERT INTO `recipe_app`.`Allergen` (`id`, `Allergen`) VALUES (13, 'Fruit');
INSERT INTO `recipe_app`.`Allergen` (`id`, `Allergen`) VALUES (14, 'Garlic');
INSERT INTO `recipe_app`.`Allergen` (`id`, `Allergen`) VALUES (15, 'Oats');
INSERT INTO `recipe_app`.`Allergen` (`id`, `Allergen`) VALUES (16, 'Maize');
INSERT INTO `recipe_app`.`Allergen` (`id`, `Allergen`) VALUES (17, 'Milk');
INSERT INTO `recipe_app`.`Allergen` (`id`, `Allergen`) VALUES (18, 'Mustard');
INSERT INTO `recipe_app`.`Allergen` (`id`, `Allergen`) VALUES (19, 'Peanut');
INSERT INTO `recipe_app`.`Allergen` (`id`, `Allergen`) VALUES (20, 'Poultry');
INSERT INTO `recipe_app`.`Allergen` (`id`, `Allergen`) VALUES (21, 'Red Meat');
INSERT INTO `recipe_app`.`Allergen` (`id`, `Allergen`) VALUES (22, 'Rice');
INSERT INTO `recipe_app`.`Allergen` (`id`, `Allergen`) VALUES (23, 'Sesame');
INSERT INTO `recipe_app`.`Allergen` (`id`, `Allergen`) VALUES (24, 'Shellfish');
INSERT INTO `recipe_app`.`Allergen` (`id`, `Allergen`) VALUES (25, 'Soy');
INSERT INTO `recipe_app`.`Allergen` (`id`, `Allergen`) VALUES (26, 'Tree Nut');
INSERT INTO `recipe_app`.`Allergen` (`id`, `Allergen`) VALUES (27, 'Wheat');
INSERT INTO `recipe_app`.`Allergen` (`id`, `Allergen`) VALUES (28, 'Sulfites');
INSERT INTO `recipe_app`.`Allergen` (`id`, `Allergen`) VALUES (29, 'Tartrazine');

COMMIT;


-- -----------------------------------------------------
-- Data for table `recipe_app`.`Ethnic_Origin`
-- -----------------------------------------------------
START TRANSACTION;
USE `recipe_app`;
INSERT INTO `recipe_app`.`Ethnic_Origin` (`id`, `Ethnicity`) VALUES (1, 'North American');
INSERT INTO `recipe_app`.`Ethnic_Origin` (`id`, `Ethnicity`) VALUES (2, 'European');
INSERT INTO `recipe_app`.`Ethnic_Origin` (`id`, `Ethnicity`) VALUES (3, 'Mediterranean');
INSERT INTO `recipe_app`.`Ethnic_Origin` (`id`, `Ethnicity`) VALUES (4, 'African');
INSERT INTO `recipe_app`.`Ethnic_Origin` (`id`, `Ethnicity`) VALUES (5, 'Middle Eastern');
INSERT INTO `recipe_app`.`Ethnic_Origin` (`id`, `Ethnicity`) VALUES (6, 'Indian');
INSERT INTO `recipe_app`.`Ethnic_Origin` (`id`, `Ethnicity`) VALUES (7, 'Northeast Asian');
INSERT INTO `recipe_app`.`Ethnic_Origin` (`id`, `Ethnicity`) VALUES (8, 'Southeast Asian');
INSERT INTO `recipe_app`.`Ethnic_Origin` (`id`, `Ethnicity`) VALUES (9, 'Latin American');
INSERT INTO `recipe_app`.`Ethnic_Origin` (`id`, `Ethnicity`) VALUES (10, 'Pacifia');

COMMIT;


-- -----------------------------------------------------
-- Data for table `recipe_app`.`Ingredient`
-- -----------------------------------------------------
START TRANSACTION;
USE `recipe_app`;
INSERT INTO `recipe_app`.`Ingredient` (`id`, `Ingredient`, `typeOfFoodID`, `Nutrition_id`) VALUES (1, 'Salt', 9, 1);
INSERT INTO `recipe_app`.`Ingredient` (`id`, `Ingredient`, `typeOfFoodID`, `Nutrition_id`) VALUES (2, 'Black pepper', 9, 1);
INSERT INTO `recipe_app`.`Ingredient` (`id`, `Ingredient`, `typeOfFoodID`, `Nutrition_id`) VALUES (3, 'Celery', 1, 1);
INSERT INTO `recipe_app`.`Ingredient` (`id`, `Ingredient`, `typeOfFoodID`, `Nutrition_id`) VALUES (4, 'Tomato', 1, 1);
INSERT INTO `recipe_app`.`Ingredient` (`id`, `Ingredient`, `typeOfFoodID`, `Nutrition_id`) VALUES (5, 'Garlic', 9, 1);
INSERT INTO `recipe_app`.`Ingredient` (`id`, `Ingredient`, `typeOfFoodID`, `Nutrition_id`) VALUES (6, 'Lentils', 4, 1);
INSERT INTO `recipe_app`.`Ingredient` (`id`, `Ingredient`, `typeOfFoodID`, `Nutrition_id`) VALUES (7, 'Black-eye peas', 4, 1);
INSERT INTO `recipe_app`.`Ingredient` (`id`, `Ingredient`, `typeOfFoodID`, `Nutrition_id`) VALUES (8, 'Black beans', 4, 1);
INSERT INTO `recipe_app`.`Ingredient` (`id`, `Ingredient`, `typeOfFoodID`, `Nutrition_id`) VALUES (9, 'Garbanzo beans', 4, 1);
INSERT INTO `recipe_app`.`Ingredient` (`id`, `Ingredient`, `typeOfFoodID`, `Nutrition_id`) VALUES (10, 'Chickpeas', 4, 1);
INSERT INTO `recipe_app`.`Ingredient` (`id`, `Ingredient`, `typeOfFoodID`, `Nutrition_id`) VALUES (11, 'Soybeans', 4, 1);
INSERT INTO `recipe_app`.`Ingredient` (`id`, `Ingredient`, `typeOfFoodID`, `Nutrition_id`) VALUES (12, 'Northern white beans', 4, 1);
INSERT INTO `recipe_app`.`Ingredient` (`id`, `Ingredient`, `typeOfFoodID`, `Nutrition_id`) VALUES (13, 'Wheat', 3, 1);
INSERT INTO `recipe_app`.`Ingredient` (`id`, `Ingredient`, `typeOfFoodID`, `Nutrition_id`) VALUES (14, 'Oats', 3, 1);
INSERT INTO `recipe_app`.`Ingredient` (`id`, `Ingredient`, `typeOfFoodID`, `Nutrition_id`) VALUES (15, 'Maize or Corn', 3, 1);
INSERT INTO `recipe_app`.`Ingredient` (`id`, `Ingredient`, `typeOfFoodID`, `Nutrition_id`) VALUES (16, 'Barley', 3, 1);
INSERT INTO `recipe_app`.`Ingredient` (`id`, `Ingredient`, `typeOfFoodID`, `Nutrition_id`) VALUES (17, 'Rye', 3, 1);
INSERT INTO `recipe_app`.`Ingredient` (`id`, `Ingredient`, `typeOfFoodID`, `Nutrition_id`) VALUES (18, 'Rice', 3, 1);
INSERT INTO `recipe_app`.`Ingredient` (`id`, `Ingredient`, `typeOfFoodID`, `Nutrition_id`) VALUES (19, 'Buckwheat', 3, 1);
INSERT INTO `recipe_app`.`Ingredient` (`id`, `Ingredient`, `typeOfFoodID`, `Nutrition_id`) VALUES (20, 'Bread', 10, 1);
INSERT INTO `recipe_app`.`Ingredient` (`id`, `Ingredient`, `typeOfFoodID`, `Nutrition_id`) VALUES (21, 'Brocolli', 1, 1);
INSERT INTO `recipe_app`.`Ingredient` (`id`, `Ingredient`, `typeOfFoodID`, `Nutrition_id`) VALUES (22, 'Cauliflower', 1, 1);
INSERT INTO `recipe_app`.`Ingredient` (`id`, `Ingredient`, `typeOfFoodID`, `Nutrition_id`) VALUES (23, 'Kale', 1, 1);
INSERT INTO `recipe_app`.`Ingredient` (`id`, `Ingredient`, `typeOfFoodID`, `Nutrition_id`) VALUES (24, 'Lettuce', 1, 1);
INSERT INTO `recipe_app`.`Ingredient` (`id`, `Ingredient`, `typeOfFoodID`, `Nutrition_id`) VALUES (25, 'Cabbage', 1, 1);
INSERT INTO `recipe_app`.`Ingredient` (`id`, `Ingredient`, `typeOfFoodID`, `Nutrition_id`) VALUES (26, 'Peas', 1, 1);
INSERT INTO `recipe_app`.`Ingredient` (`id`, `Ingredient`, `typeOfFoodID`, `Nutrition_id`) VALUES (27, 'Green beans', 1, 1);
INSERT INTO `recipe_app`.`Ingredient` (`id`, `Ingredient`, `typeOfFoodID`, `Nutrition_id`) VALUES (28, 'Potato', 3, 1);
INSERT INTO `recipe_app`.`Ingredient` (`id`, `Ingredient`, `typeOfFoodID`, `Nutrition_id`) VALUES (29, 'Sweet potato', 3, 1);
INSERT INTO `recipe_app`.`Ingredient` (`id`, `Ingredient`, `typeOfFoodID`, `Nutrition_id`) VALUES (30, 'Collard greens', 1, 1);
INSERT INTO `recipe_app`.`Ingredient` (`id`, `Ingredient`, `typeOfFoodID`, `Nutrition_id`) VALUES (31, 'Apple', 2, 1);
INSERT INTO `recipe_app`.`Ingredient` (`id`, `Ingredient`, `typeOfFoodID`, `Nutrition_id`) VALUES (32, 'Carrots', 1, 1);
INSERT INTO `recipe_app`.`Ingredient` (`id`, `Ingredient`, `typeOfFoodID`, `Nutrition_id`) VALUES (33, 'Banana', 2, 1);
INSERT INTO `recipe_app`.`Ingredient` (`id`, `Ingredient`, `typeOfFoodID`, `Nutrition_id`) VALUES (34, 'Peach', 2, 1);
INSERT INTO `recipe_app`.`Ingredient` (`id`, `Ingredient`, `typeOfFoodID`, `Nutrition_id`) VALUES (35, 'Pear', 2, 1);
INSERT INTO `recipe_app`.`Ingredient` (`id`, `Ingredient`, `typeOfFoodID`, `Nutrition_id`) VALUES (36, 'Grapes', 2, 1);
INSERT INTO `recipe_app`.`Ingredient` (`id`, `Ingredient`, `typeOfFoodID`, `Nutrition_id`) VALUES (37, 'Raisins', 2, 1);
INSERT INTO `recipe_app`.`Ingredient` (`id`, `Ingredient`, `typeOfFoodID`, `Nutrition_id`) VALUES (38, 'Cranberries', 2, 1);
INSERT INTO `recipe_app`.`Ingredient` (`id`, `Ingredient`, `typeOfFoodID`, `Nutrition_id`) VALUES (39, 'Blueberries', 2, 1);
INSERT INTO `recipe_app`.`Ingredient` (`id`, `Ingredient`, `typeOfFoodID`, `Nutrition_id`) VALUES (40, 'Strawberries', 2, 1);
INSERT INTO `recipe_app`.`Ingredient` (`id`, `Ingredient`, `typeOfFoodID`, `Nutrition_id`) VALUES (41, 'Mango', 2, 1);
INSERT INTO `recipe_app`.`Ingredient` (`id`, `Ingredient`, `typeOfFoodID`, `Nutrition_id`) VALUES (42, 'Pineapple', 2, 1);
INSERT INTO `recipe_app`.`Ingredient` (`id`, `Ingredient`, `typeOfFoodID`, `Nutrition_id`) VALUES (43, 'Coconut', 5, 1);
INSERT INTO `recipe_app`.`Ingredient` (`id`, `Ingredient`, `typeOfFoodID`, `Nutrition_id`) VALUES (44, 'Lemon', 2, 1);
INSERT INTO `recipe_app`.`Ingredient` (`id`, `Ingredient`, `typeOfFoodID`, `Nutrition_id`) VALUES (45, 'Lime', 2, 1);
INSERT INTO `recipe_app`.`Ingredient` (`id`, `Ingredient`, `typeOfFoodID`, `Nutrition_id`) VALUES (46, 'Peanut', 5, 1);
INSERT INTO `recipe_app`.`Ingredient` (`id`, `Ingredient`, `typeOfFoodID`, `Nutrition_id`) VALUES (47, 'Cashew', 5, 1);
INSERT INTO `recipe_app`.`Ingredient` (`id`, `Ingredient`, `typeOfFoodID`, `Nutrition_id`) VALUES (48, 'Almond', 5, 1);
INSERT INTO `recipe_app`.`Ingredient` (`id`, `Ingredient`, `typeOfFoodID`, `Nutrition_id`) VALUES (49, 'Macadamia', 5, 1);
INSERT INTO `recipe_app`.`Ingredient` (`id`, `Ingredient`, `typeOfFoodID`, `Nutrition_id`) VALUES (50, 'Walnut', 5, 1);
INSERT INTO `recipe_app`.`Ingredient` (`id`, `Ingredient`, `typeOfFoodID`, `Nutrition_id`) VALUES (51, 'Pecan', 5, 1);
INSERT INTO `recipe_app`.`Ingredient` (`id`, `Ingredient`, `typeOfFoodID`, `Nutrition_id`) VALUES (52, 'Milk', 6, 1);
INSERT INTO `recipe_app`.`Ingredient` (`id`, `Ingredient`, `typeOfFoodID`, `Nutrition_id`) VALUES (53, 'Cheese', 6, 1);
INSERT INTO `recipe_app`.`Ingredient` (`id`, `Ingredient`, `typeOfFoodID`, `Nutrition_id`) VALUES (54, 'Yogurt', 6, 1);
INSERT INTO `recipe_app`.`Ingredient` (`id`, `Ingredient`, `typeOfFoodID`, `Nutrition_id`) VALUES (55, 'Egg', 6, 1);
INSERT INTO `recipe_app`.`Ingredient` (`id`, `Ingredient`, `typeOfFoodID`, `Nutrition_id`) VALUES (56, 'Chicken', 7, 1);
INSERT INTO `recipe_app`.`Ingredient` (`id`, `Ingredient`, `typeOfFoodID`, `Nutrition_id`) VALUES (57, 'Duck', 7, 1);
INSERT INTO `recipe_app`.`Ingredient` (`id`, `Ingredient`, `typeOfFoodID`, `Nutrition_id`) VALUES (58, 'Beef', 7, 1);
INSERT INTO `recipe_app`.`Ingredient` (`id`, `Ingredient`, `typeOfFoodID`, `Nutrition_id`) VALUES (59, 'Pork', 7, 1);
INSERT INTO `recipe_app`.`Ingredient` (`id`, `Ingredient`, `typeOfFoodID`, `Nutrition_id`) VALUES (60, 'Salmon', 8, 1);
INSERT INTO `recipe_app`.`Ingredient` (`id`, `Ingredient`, `typeOfFoodID`, `Nutrition_id`) VALUES (61, 'Tuna', 8, 1);
INSERT INTO `recipe_app`.`Ingredient` (`id`, `Ingredient`, `typeOfFoodID`, `Nutrition_id`) VALUES (62, 'Tilapia', 8, 1);
INSERT INTO `recipe_app`.`Ingredient` (`id`, `Ingredient`, `typeOfFoodID`, `Nutrition_id`) VALUES (63, 'Catfish', 8, 1);
INSERT INTO `recipe_app`.`Ingredient` (`id`, `Ingredient`, `typeOfFoodID`, `Nutrition_id`) VALUES (64, 'Shrimp', 8, 1);
INSERT INTO `recipe_app`.`Ingredient` (`id`, `Ingredient`, `typeOfFoodID`, `Nutrition_id`) VALUES (65, 'Oyster', 8, 1);
INSERT INTO `recipe_app`.`Ingredient` (`id`, `Ingredient`, `typeOfFoodID`, `Nutrition_id`) VALUES (66, 'Scallop', 8, 1);
INSERT INTO `recipe_app`.`Ingredient` (`id`, `Ingredient`, `typeOfFoodID`, `Nutrition_id`) VALUES (67, 'Crab', 8, 1);
INSERT INTO `recipe_app`.`Ingredient` (`id`, `Ingredient`, `typeOfFoodID`, `Nutrition_id`) VALUES (68, 'Lobster', 8, 1);
INSERT INTO `recipe_app`.`Ingredient` (`id`, `Ingredient`, `typeOfFoodID`, `Nutrition_id`) VALUES (69, 'Mussel', 8, 1);
INSERT INTO `recipe_app`.`Ingredient` (`id`, `Ingredient`, `typeOfFoodID`, `Nutrition_id`) VALUES (70, 'Rosemary', 9, 1);
INSERT INTO `recipe_app`.`Ingredient` (`id`, `Ingredient`, `typeOfFoodID`, `Nutrition_id`) VALUES (71, 'Ginger', 9, 1);
INSERT INTO `recipe_app`.`Ingredient` (`id`, `Ingredient`, `typeOfFoodID`, `Nutrition_id`) VALUES (72, 'Basil', 9, 1);
INSERT INTO `recipe_app`.`Ingredient` (`id`, `Ingredient`, `typeOfFoodID`, `Nutrition_id`) VALUES (73, 'Cinnamon', 9, 1);
INSERT INTO `recipe_app`.`Ingredient` (`id`, `Ingredient`, `typeOfFoodID`, `Nutrition_id`) VALUES (74, 'Allspice', 9, 1);
INSERT INTO `recipe_app`.`Ingredient` (`id`, `Ingredient`, `typeOfFoodID`, `Nutrition_id`) VALUES (75, 'Nutmeg', 9, 1);
INSERT INTO `recipe_app`.`Ingredient` (`id`, `Ingredient`, `typeOfFoodID`, `Nutrition_id`) VALUES (76, 'Thyme', 9, 1);
INSERT INTO `recipe_app`.`Ingredient` (`id`, `Ingredient`, `typeOfFoodID`, `Nutrition_id`) VALUES (77, 'Bell pepper', 1, 1);
INSERT INTO `recipe_app`.`Ingredient` (`id`, `Ingredient`, `typeOfFoodID`, `Nutrition_id`) VALUES (78, 'Cilantro', 9, 1);
INSERT INTO `recipe_app`.`Ingredient` (`id`, `Ingredient`, `typeOfFoodID`, `Nutrition_id`) VALUES (79, 'Marjoram', 9, 1);
INSERT INTO `recipe_app`.`Ingredient` (`id`, `Ingredient`, `typeOfFoodID`, `Nutrition_id`) VALUES (80, 'Oregano', 9, 1);
INSERT INTO `recipe_app`.`Ingredient` (`id`, `Ingredient`, `typeOfFoodID`, `Nutrition_id`) VALUES (81, 'Fennel seed', 9, 1);
INSERT INTO `recipe_app`.`Ingredient` (`id`, `Ingredient`, `typeOfFoodID`, `Nutrition_id`) VALUES (82, 'Tumeric', 9, 1);
INSERT INTO `recipe_app`.`Ingredient` (`id`, `Ingredient`, `typeOfFoodID`, `Nutrition_id`) VALUES (83, 'Cracker', 10, 1);
INSERT INTO `recipe_app`.`Ingredient` (`id`, `Ingredient`, `typeOfFoodID`, `Nutrition_id`) VALUES (84, 'Pie shell', 10, 1);
INSERT INTO `recipe_app`.`Ingredient` (`id`, `Ingredient`, `typeOfFoodID`, `Nutrition_id`) VALUES (85, 'Olive oil', 11, 1);
INSERT INTO `recipe_app`.`Ingredient` (`id`, `Ingredient`, `typeOfFoodID`, `Nutrition_id`) VALUES (86, 'Peanut oil', 11, 1);
INSERT INTO `recipe_app`.`Ingredient` (`id`, `Ingredient`, `typeOfFoodID`, `Nutrition_id`) VALUES (87, 'Butter', 11, 1);
INSERT INTO `recipe_app`.`Ingredient` (`id`, `Ingredient`, `typeOfFoodID`, `Nutrition_id`) VALUES (88, 'Ketchup', 12, 1);
INSERT INTO `recipe_app`.`Ingredient` (`id`, `Ingredient`, `typeOfFoodID`, `Nutrition_id`) VALUES (89, 'BBQ sauce', 12, 1);
INSERT INTO `recipe_app`.`Ingredient` (`id`, `Ingredient`, `typeOfFoodID`, `Nutrition_id`) VALUES (90, 'Teriyaki sauce', 12, 1);
INSERT INTO `recipe_app`.`Ingredient` (`id`, `Ingredient`, `typeOfFoodID`, `Nutrition_id`) VALUES (91, 'Rum', 14, 1);
INSERT INTO `recipe_app`.`Ingredient` (`id`, `Ingredient`, `typeOfFoodID`, `Nutrition_id`) VALUES (92, 'Port', 14, 1);
INSERT INTO `recipe_app`.`Ingredient` (`id`, `Ingredient`, `typeOfFoodID`, `Nutrition_id`) VALUES (93, 'Vermouth', 14, 1);
INSERT INTO `recipe_app`.`Ingredient` (`id`, `Ingredient`, `typeOfFoodID`, `Nutrition_id`) VALUES (94, 'Onion', 1, 1);
INSERT INTO `recipe_app`.`Ingredient` (`id`, `Ingredient`, `typeOfFoodID`, `Nutrition_id`) VALUES (95, 'Teff', 3, 1);
INSERT INTO `recipe_app`.`Ingredient` (`id`, `Ingredient`, `typeOfFoodID`, `Nutrition_id`) VALUES (96, 'Tej', 14, 1);

COMMIT;


-- -----------------------------------------------------
-- Data for table `recipe_app`.`Ingredient_has_Allergen`
-- -----------------------------------------------------
START TRANSACTION;
USE `recipe_app`;
INSERT INTO `recipe_app`.`Ingredient_has_Allergen` (`ingredientID`, `allergenID`) VALUES (ingredientID, allergenID);
INSERT INTO `recipe_app`.`Ingredient_has_Allergen` (`ingredientID`, `allergenID`) VALUES (19, 1);
INSERT INTO `recipe_app`.`Ingredient_has_Allergen` (`ingredientID`, `allergenID`) VALUES (3, 2);
INSERT INTO `recipe_app`.`Ingredient_has_Allergen` (`ingredientID`, `allergenID`) VALUES (55, 3);
INSERT INTO `recipe_app`.`Ingredient_has_Allergen` (`ingredientID`, `allergenID`) VALUES (60, 4);
INSERT INTO `recipe_app`.`Ingredient_has_Allergen` (`ingredientID`, `allergenID`) VALUES (61, 4);
INSERT INTO `recipe_app`.`Ingredient_has_Allergen` (`ingredientID`, `allergenID`) VALUES (62, 4);
INSERT INTO `recipe_app`.`Ingredient_has_Allergen` (`ingredientID`, `allergenID`) VALUES (63, 4);
INSERT INTO `recipe_app`.`Ingredient_has_Allergen` (`ingredientID`, `allergenID`) VALUES (64, 24);
INSERT INTO `recipe_app`.`Ingredient_has_Allergen` (`ingredientID`, `allergenID`) VALUES (65, 24);
INSERT INTO `recipe_app`.`Ingredient_has_Allergen` (`ingredientID`, `allergenID`) VALUES (66, 24);
INSERT INTO `recipe_app`.`Ingredient_has_Allergen` (`ingredientID`, `allergenID`) VALUES (67, 24);
INSERT INTO `recipe_app`.`Ingredient_has_Allergen` (`ingredientID`, `allergenID`) VALUES (68, 24);
INSERT INTO `recipe_app`.`Ingredient_has_Allergen` (`ingredientID`, `allergenID`) VALUES (69, 24);
INSERT INTO `recipe_app`.`Ingredient_has_Allergen` (`ingredientID`, `allergenID`) VALUES (41, 5);
INSERT INTO `recipe_app`.`Ingredient_has_Allergen` (`ingredientID`, `allergenID`) VALUES (40, 6);
INSERT INTO `recipe_app`.`Ingredient_has_Allergen` (`ingredientID`, `allergenID`) VALUES (33, 7);
INSERT INTO `recipe_app`.`Ingredient_has_Allergen` (`ingredientID`, `allergenID`) VALUES (34, 10);
INSERT INTO `recipe_app`.`Ingredient_has_Allergen` (`ingredientID`, `allergenID`) VALUES (35, 10);
INSERT INTO `recipe_app`.`Ingredient_has_Allergen` (`ingredientID`, `allergenID`) VALUES (31, 11);
INSERT INTO `recipe_app`.`Ingredient_has_Allergen` (`ingredientID`, `allergenID`) VALUES (35, 11);
INSERT INTO `recipe_app`.`Ingredient_has_Allergen` (`ingredientID`, `allergenID`) VALUES (40, 11);
INSERT INTO `recipe_app`.`Ingredient_has_Allergen` (`ingredientID`, `allergenID`) VALUES (48, 11);
INSERT INTO `recipe_app`.`Ingredient_has_Allergen` (`ingredientID`, `allergenID`) VALUES (31, 13);
INSERT INTO `recipe_app`.`Ingredient_has_Allergen` (`ingredientID`, `allergenID`) VALUES (32, 13);
INSERT INTO `recipe_app`.`Ingredient_has_Allergen` (`ingredientID`, `allergenID`) VALUES (33, 13);
INSERT INTO `recipe_app`.`Ingredient_has_Allergen` (`ingredientID`, `allergenID`) VALUES (34, 13);
INSERT INTO `recipe_app`.`Ingredient_has_Allergen` (`ingredientID`, `allergenID`) VALUES (35, 13);
INSERT INTO `recipe_app`.`Ingredient_has_Allergen` (`ingredientID`, `allergenID`) VALUES (36, 13);
INSERT INTO `recipe_app`.`Ingredient_has_Allergen` (`ingredientID`, `allergenID`) VALUES (37, 13);
INSERT INTO `recipe_app`.`Ingredient_has_Allergen` (`ingredientID`, `allergenID`) VALUES (38, 13);
INSERT INTO `recipe_app`.`Ingredient_has_Allergen` (`ingredientID`, `allergenID`) VALUES (39, 13);
INSERT INTO `recipe_app`.`Ingredient_has_Allergen` (`ingredientID`, `allergenID`) VALUES (40, 13);
INSERT INTO `recipe_app`.`Ingredient_has_Allergen` (`ingredientID`, `allergenID`) VALUES (41, 13);
INSERT INTO `recipe_app`.`Ingredient_has_Allergen` (`ingredientID`, `allergenID`) VALUES (42, 13);
INSERT INTO `recipe_app`.`Ingredient_has_Allergen` (`ingredientID`, `allergenID`) VALUES (43, 13);
INSERT INTO `recipe_app`.`Ingredient_has_Allergen` (`ingredientID`, `allergenID`) VALUES (44, 13);
INSERT INTO `recipe_app`.`Ingredient_has_Allergen` (`ingredientID`, `allergenID`) VALUES (45, 13);
INSERT INTO `recipe_app`.`Ingredient_has_Allergen` (`ingredientID`, `allergenID`) VALUES (5, 14);
INSERT INTO `recipe_app`.`Ingredient_has_Allergen` (`ingredientID`, `allergenID`) VALUES (14, 15);
INSERT INTO `recipe_app`.`Ingredient_has_Allergen` (`ingredientID`, `allergenID`) VALUES (15, 16);
INSERT INTO `recipe_app`.`Ingredient_has_Allergen` (`ingredientID`, `allergenID`) VALUES (52, 17);
INSERT INTO `recipe_app`.`Ingredient_has_Allergen` (`ingredientID`, `allergenID`) VALUES (46, 19);
INSERT INTO `recipe_app`.`Ingredient_has_Allergen` (`ingredientID`, `allergenID`) VALUES (56, 20);
INSERT INTO `recipe_app`.`Ingredient_has_Allergen` (`ingredientID`, `allergenID`) VALUES (57, 20);
INSERT INTO `recipe_app`.`Ingredient_has_Allergen` (`ingredientID`, `allergenID`) VALUES (58, 21);
INSERT INTO `recipe_app`.`Ingredient_has_Allergen` (`ingredientID`, `allergenID`) VALUES (59, 21);
INSERT INTO `recipe_app`.`Ingredient_has_Allergen` (`ingredientID`, `allergenID`) VALUES (18, 22);
INSERT INTO `recipe_app`.`Ingredient_has_Allergen` (`ingredientID`, `allergenID`) VALUES (11, 25);
INSERT INTO `recipe_app`.`Ingredient_has_Allergen` (`ingredientID`, `allergenID`) VALUES (46, 26);
INSERT INTO `recipe_app`.`Ingredient_has_Allergen` (`ingredientID`, `allergenID`) VALUES (47, 26);
INSERT INTO `recipe_app`.`Ingredient_has_Allergen` (`ingredientID`, `allergenID`) VALUES (48, 26);
INSERT INTO `recipe_app`.`Ingredient_has_Allergen` (`ingredientID`, `allergenID`) VALUES (49, 26);
INSERT INTO `recipe_app`.`Ingredient_has_Allergen` (`ingredientID`, `allergenID`) VALUES (50, 26);
INSERT INTO `recipe_app`.`Ingredient_has_Allergen` (`ingredientID`, `allergenID`) VALUES (51, 26);
INSERT INTO `recipe_app`.`Ingredient_has_Allergen` (`ingredientID`, `allergenID`) VALUES (13, 27);
INSERT INTO `recipe_app`.`Ingredient_has_Allergen` (`ingredientID`, `allergenID`) VALUES (86, 19);
INSERT INTO `recipe_app`.`Ingredient_has_Allergen` (`ingredientID`, `allergenID`) VALUES (83, 27);
INSERT INTO `recipe_app`.`Ingredient_has_Allergen` (`ingredientID`, `allergenID`) VALUES (53, 17);
INSERT INTO `recipe_app`.`Ingredient_has_Allergen` (`ingredientID`, `allergenID`) VALUES (54, 17);
INSERT INTO `recipe_app`.`Ingredient_has_Allergen` (`ingredientID`, `allergenID`) VALUES (20, 27);

COMMIT;


-- -----------------------------------------------------
-- Data for table `recipe_app`.`Kitchenware`
-- -----------------------------------------------------
START TRANSACTION;
USE `recipe_app`;
INSERT INTO `recipe_app`.`Kitchenware` (`id`, `Kitchenware`) VALUES (1, 'Baking Dish');
INSERT INTO `recipe_app`.`Kitchenware` (`id`, `Kitchenware`) VALUES (2, 'Baking Tray');
INSERT INTO `recipe_app`.`Kitchenware` (`id`, `Kitchenware`) VALUES (3, 'Cake pan');
INSERT INTO `recipe_app`.`Kitchenware` (`id`, `Kitchenware`) VALUES (4, 'Can opener');
INSERT INTO `recipe_app`.`Kitchenware` (`id`, `Kitchenware`) VALUES (5, 'Chopping board');
INSERT INTO `recipe_app`.`Kitchenware` (`id`, `Kitchenware`) VALUES (6, 'Coffee press');
INSERT INTO `recipe_app`.`Kitchenware` (`id`, `Kitchenware`) VALUES (7, 'Colander');
INSERT INTO `recipe_app`.`Kitchenware` (`id`, `Kitchenware`) VALUES (8, 'Cooling rack');
INSERT INTO `recipe_app`.`Kitchenware` (`id`, `Kitchenware`) VALUES (9, 'Corkscrew');
INSERT INTO `recipe_app`.`Kitchenware` (`id`, `Kitchenware`) VALUES (10, 'Kitche knives');
INSERT INTO `recipe_app`.`Kitchenware` (`id`, `Kitchenware`) VALUES (11, 'Eggbeater');
INSERT INTO `recipe_app`.`Kitchenware` (`id`, `Kitchenware`) VALUES (12, 'Egg slicer');
INSERT INTO `recipe_app`.`Kitchenware` (`id`, `Kitchenware`) VALUES (13, 'Electric mixer');
INSERT INTO `recipe_app`.`Kitchenware` (`id`, `Kitchenware`) VALUES (14, 'Frying pan');
INSERT INTO `recipe_app`.`Kitchenware` (`id`, `Kitchenware`) VALUES (15, 'Garlic press');
INSERT INTO `recipe_app`.`Kitchenware` (`id`, `Kitchenware`) VALUES (16, 'Grater');
INSERT INTO `recipe_app`.`Kitchenware` (`id`, `Kitchenware`) VALUES (17, 'Grillpan');
INSERT INTO `recipe_app`.`Kitchenware` (`id`, `Kitchenware`) VALUES (18, 'Kitchen scissors');
INSERT INTO `recipe_app`.`Kitchenware` (`id`, `Kitchenware`) VALUES (19, 'Mandolin');
INSERT INTO `recipe_app`.`Kitchenware` (`id`, `Kitchenware`) VALUES (20, 'Measuring cups and spoons');
INSERT INTO `recipe_app`.`Kitchenware` (`id`, `Kitchenware`) VALUES (21, 'Meat slicer');
INSERT INTO `recipe_app`.`Kitchenware` (`id`, `Kitchenware`) VALUES (22, 'Mixing bowl');
INSERT INTO `recipe_app`.`Kitchenware` (`id`, `Kitchenware`) VALUES (23, 'Muffin tin');
INSERT INTO `recipe_app`.`Kitchenware` (`id`, `Kitchenware`) VALUES (24, 'Pressure cooker');
INSERT INTO `recipe_app`.`Kitchenware` (`id`, `Kitchenware`) VALUES (25, 'Peeler');
INSERT INTO `recipe_app`.`Kitchenware` (`id`, `Kitchenware`) VALUES (26, 'Pepper mill');
INSERT INTO `recipe_app`.`Kitchenware` (`id`, `Kitchenware`) VALUES (27, 'Pizza stone');
INSERT INTO `recipe_app`.`Kitchenware` (`id`, `Kitchenware`) VALUES (28, 'Potato masher');
INSERT INTO `recipe_app`.`Kitchenware` (`id`, `Kitchenware`) VALUES (29, 'Potato ricer');
INSERT INTO `recipe_app`.`Kitchenware` (`id`, `Kitchenware`) VALUES (30, 'Rolling pin');
INSERT INTO `recipe_app`.`Kitchenware` (`id`, `Kitchenware`) VALUES (31, 'Saucepan');
INSERT INTO `recipe_app`.`Kitchenware` (`id`, `Kitchenware`) VALUES (32, 'Sheet pan');
INSERT INTO `recipe_app`.`Kitchenware` (`id`, `Kitchenware`) VALUES (33, 'Skillet');
INSERT INTO `recipe_app`.`Kitchenware` (`id`, `Kitchenware`) VALUES (34, 'Slotted spoon');
INSERT INTO `recipe_app`.`Kitchenware` (`id`, `Kitchenware`) VALUES (35, 'Spatula');
INSERT INTO `recipe_app`.`Kitchenware` (`id`, `Kitchenware`) VALUES (36, 'Spiral vegetable slicer');
INSERT INTO `recipe_app`.`Kitchenware` (`id`, `Kitchenware`) VALUES (37, 'Stock pot');
INSERT INTO `recipe_app`.`Kitchenware` (`id`, `Kitchenware`) VALUES (38, 'Steamer');
INSERT INTO `recipe_app`.`Kitchenware` (`id`, `Kitchenware`) VALUES (39, 'Strainer');
INSERT INTO `recipe_app`.`Kitchenware` (`id`, `Kitchenware`) VALUES (40, 'Timer');
INSERT INTO `recipe_app`.`Kitchenware` (`id`, `Kitchenware`) VALUES (41, 'Tomato slicer');
INSERT INTO `recipe_app`.`Kitchenware` (`id`, `Kitchenware`) VALUES (42, 'Tongs');
INSERT INTO `recipe_app`.`Kitchenware` (`id`, `Kitchenware`) VALUES (43, 'Whisk');
INSERT INTO `recipe_app`.`Kitchenware` (`id`, `Kitchenware`) VALUES (44, 'Wok');
INSERT INTO `recipe_app`.`Kitchenware` (`id`, `Kitchenware`) VALUES (45, 'Wooden spoon');
INSERT INTO `recipe_app`.`Kitchenware` (`id`, `Kitchenware`) VALUES (46, 'Grill');
INSERT INTO `recipe_app`.`Kitchenware` (`id`, `Kitchenware`) VALUES (47, 'Oven');
INSERT INTO `recipe_app`.`Kitchenware` (`id`, `Kitchenware`) VALUES (48, 'Microwave');
INSERT INTO `recipe_app`.`Kitchenware` (`id`, `Kitchenware`) VALUES (49, 'Stove top');
INSERT INTO `recipe_app`.`Kitchenware` (`id`, `Kitchenware`) VALUES (50, 'Bread machine');
INSERT INTO `recipe_app`.`Kitchenware` (`id`, `Kitchenware`) VALUES (51, 'Deep fryer');
INSERT INTO `recipe_app`.`Kitchenware` (`id`, `Kitchenware`) VALUES (52, 'Electric cooker');
INSERT INTO `recipe_app`.`Kitchenware` (`id`, `Kitchenware`) VALUES (53, 'Coffee machine');
INSERT INTO `recipe_app`.`Kitchenware` (`id`, `Kitchenware`) VALUES (54, 'Rice cooker');
INSERT INTO `recipe_app`.`Kitchenware` (`id`, `Kitchenware`) VALUES (55, 'Waffle iron');
INSERT INTO `recipe_app`.`Kitchenware` (`id`, `Kitchenware`) VALUES (56, 'Slow cooker');
INSERT INTO `recipe_app`.`Kitchenware` (`id`, `Kitchenware`) VALUES (57, 'Toaster');
INSERT INTO `recipe_app`.`Kitchenware` (`id`, `Kitchenware`) VALUES (58, 'Boiler');

COMMIT;


-- -----------------------------------------------------
-- Data for table `recipe_app`.`Nutrition`
-- -----------------------------------------------------
START TRANSACTION;
USE `recipe_app`;
INSERT INTO `recipe_app`.`Nutrition` (`id`, `Stub`) VALUES (1, 'Stuff goes here ...');

COMMIT;


-- -----------------------------------------------------
-- Data for table `recipe_app`.`Recipe`
-- -----------------------------------------------------
START TRANSACTION;
USE `recipe_app`;
INSERT INTO `recipe_app`.`Recipe` (`id`, `Name`, `Instructions`, `cooktime`, `nutritionID`, `ethnicOriginID`) VALUES (1, 'Chocolate Strawberry Nutella Cake', 'Stuff goes here ...', 120, 1, 1);
INSERT INTO `recipe_app`.`Recipe` (`id`, `Name`, `Instructions`, `cooktime`, `nutritionID`, `ethnicOriginID`) VALUES (2, 'Tomato Pie', 'Stuff goes here ...', 90, 1, 1);
INSERT INTO `recipe_app`.`Recipe` (`id`, `Name`, `Instructions`, `cooktime`, `nutritionID`, `ethnicOriginID`) VALUES (3, 'Rum Balls', 'Stuff goes here ...', 20, 1, 1);
INSERT INTO `recipe_app`.`Recipe` (`id`, `Name`, `Instructions`, `cooktime`, `nutritionID`, `ethnicOriginID`) VALUES (4, 'Sangria', 'Stuff goes here ...', 10, 1, 1);
INSERT INTO `recipe_app`.`Recipe` (`id`, `Name`, `Instructions`, `cooktime`, `nutritionID`, `ethnicOriginID`) VALUES (5, 'Pumpkin Muffins', 'Stuff goes here ...', 60, 1, 1);
INSERT INTO `recipe_app`.`Recipe` (`id`, `Name`, `Instructions`, `cooktime`, `nutritionID`, `ethnicOriginID`) VALUES (6, 'African Peanut Soup', 'Stuff goes here ...', 90, 1, 4);
INSERT INTO `recipe_app`.`Recipe` (`id`, `Name`, `Instructions`, `cooktime`, `nutritionID`, `ethnicOriginID`) VALUES (7, 'Doro Wat', 'Stuff goes here ...', 60, 1, 4);
INSERT INTO `recipe_app`.`Recipe` (`id`, `Name`, `Instructions`, `cooktime`, `nutritionID`, `ethnicOriginID`) VALUES (8, 'Injera', 'Stuff goes here ...', 240, 1, 4);
INSERT INTO `recipe_app`.`Recipe` (`id`, `Name`, `Instructions`, `cooktime`, `nutritionID`, `ethnicOriginID`) VALUES (9, 'BBQ Pulled Pokr', 'Stuff goes here ...', 720, 1, 1);
INSERT INTO `recipe_app`.`Recipe` (`id`, `Name`, `Instructions`, `cooktime`, `nutritionID`, `ethnicOriginID`) VALUES (10, 'Okonomiyaki', 'Stuff goes here ...', 60, 1, 7);
INSERT INTO `recipe_app`.`Recipe` (`id`, `Name`, `Instructions`, `cooktime`, `nutritionID`, `ethnicOriginID`) VALUES (11, 'Red Velvet Cake', 'Stuff goes here ...', 120, 1, 1);
INSERT INTO `recipe_app`.`Recipe` (`id`, `Name`, `Instructions`, `cooktime`, `nutritionID`, `ethnicOriginID`) VALUES (12, 'Turkey BLT', 'Stuff goes here ...', 10, 1, 1);
INSERT INTO `recipe_app`.`Recipe` (`id`, `Name`, `Instructions`, `cooktime`, `nutritionID`, `ethnicOriginID`) VALUES (13, 'Lentil Soul', 'Stuff goes here ...', 60, 1, 5);
INSERT INTO `recipe_app`.`Recipe` (`id`, `Name`, `Instructions`, `cooktime`, `nutritionID`, `ethnicOriginID`) VALUES (14, 'Pepperoni Pizza', 'Stuff goes here ...', 120, 1, 2);
INSERT INTO `recipe_app`.`Recipe` (`id`, `Name`, `Instructions`, `cooktime`, `nutritionID`, `ethnicOriginID`) VALUES (15, 'Shepherd\'s Pie', 'Stuff goes here ...', 240, 1, 2);
INSERT INTO `recipe_app`.`Recipe` (`id`, `Name`, `Instructions`, `cooktime`, `nutritionID`, `ethnicOriginID`) VALUES (16, 'Cheese Quesadilla', 'Stuff goes here ...', 30, 1, 9);
INSERT INTO `recipe_app`.`Recipe` (`id`, `Name`, `Instructions`, `cooktime`, `nutritionID`, `ethnicOriginID`) VALUES (17, 'Lime Sorbet Margarita', 'Stuff goes here ...', 5, 1, 1);
INSERT INTO `recipe_app`.`Recipe` (`id`, `Name`, `Instructions`, `cooktime`, `nutritionID`, `ethnicOriginID`) VALUES (18, 'Garlic Rosemary Cheddar Bread', 'Stuff goes here ...', 120, 1, 2);
INSERT INTO `recipe_app`.`Recipe` (`id`, `Name`, `Instructions`, `cooktime`, `nutritionID`, `ethnicOriginID`) VALUES (19, 'Hummus', 'Stuff goes here ...', 60, 1, 3);
INSERT INTO `recipe_app`.`Recipe` (`id`, `Name`, `Instructions`, `cooktime`, `nutritionID`, `ethnicOriginID`) VALUES (20, 'Chocolate Peanut Butter Drops', 'Stuff goes here ...', 90, 1, 1);
INSERT INTO `recipe_app`.`Recipe` (`id`, `Name`, `Instructions`, `cooktime`, `nutritionID`, `ethnicOriginID`) VALUES (21, 'Ploughman\'s Lunch', 'Stuff goes here ...', 30, 1, 2);
INSERT INTO `recipe_app`.`Recipe` (`id`, `Name`, `Instructions`, `cooktime`, `nutritionID`, `ethnicOriginID`) VALUES (22, 'Quinoa and Black Beans', 'Stuff goes here ...', 60, 1, 4);
INSERT INTO `recipe_app`.`Recipe` (`id`, `Name`, `Instructions`, `cooktime`, `nutritionID`, `ethnicOriginID`) VALUES (23, 'Banana Bread', 'Stuff goes here ...', 90, 1, 1);
INSERT INTO `recipe_app`.`Recipe` (`id`, `Name`, `Instructions`, `cooktime`, `nutritionID`, `ethnicOriginID`) VALUES (24, 'Keema Aloo', 'Stuff goes here ...', 120, 1, 6);
INSERT INTO `recipe_app`.`Recipe` (`id`, `Name`, `Instructions`, `cooktime`, `nutritionID`, `ethnicOriginID`) VALUES (25, 'Masoor Dal', 'Stuff goes here ...', 90, 1, 6);
INSERT INTO `recipe_app`.`Recipe` (`id`, `Name`, `Instructions`, `cooktime`, `nutritionID`, `ethnicOriginID`) VALUES (26, 'Yam Taeng', 'Stuff goes here ...', 90, 1, 7);
INSERT INTO `recipe_app`.`Recipe` (`id`, `Name`, `Instructions`, `cooktime`, `nutritionID`, `ethnicOriginID`) VALUES (27, 'Pad Kee Mow', 'Stuff goes here ...', 90, 1, 7);
INSERT INTO `recipe_app`.`Recipe` (`id`, `Name`, `Instructions`, `cooktime`, `nutritionID`, `ethnicOriginID`) VALUES (28, 'Pad See Ew', 'Stuff goes here ...', 60, 1, 7);

COMMIT;


-- -----------------------------------------------------
-- Data for table `recipe_app`.`Recipe_has_Ingredient`
-- -----------------------------------------------------
START TRANSACTION;
USE `recipe_app`;
INSERT INTO `recipe_app`.`Recipe_has_Ingredient` (`recipeID`, `ingredientID`) VALUES (recipeID, ingredientID);
INSERT INTO `recipe_app`.`Recipe_has_Ingredient` (`recipeID`, `ingredientID`) VALUES (1, 40);
INSERT INTO `recipe_app`.`Recipe_has_Ingredient` (`recipeID`, `ingredientID`) VALUES (1, 13);
INSERT INTO `recipe_app`.`Recipe_has_Ingredient` (`recipeID`, `ingredientID`) VALUES (1, 55);
INSERT INTO `recipe_app`.`Recipe_has_Ingredient` (`recipeID`, `ingredientID`) VALUES (1, 48);
INSERT INTO `recipe_app`.`Recipe_has_Ingredient` (`recipeID`, `ingredientID`) VALUES (2, 4);
INSERT INTO `recipe_app`.`Recipe_has_Ingredient` (`recipeID`, `ingredientID`) VALUES (2, 84);
INSERT INTO `recipe_app`.`Recipe_has_Ingredient` (`recipeID`, `ingredientID`) VALUES (2, 53);
INSERT INTO `recipe_app`.`Recipe_has_Ingredient` (`recipeID`, `ingredientID`) VALUES (2, 1);
INSERT INTO `recipe_app`.`Recipe_has_Ingredient` (`recipeID`, `ingredientID`) VALUES (2, 5);
INSERT INTO `recipe_app`.`Recipe_has_Ingredient` (`recipeID`, `ingredientID`) VALUES (2, 80);
INSERT INTO `recipe_app`.`Recipe_has_Ingredient` (`recipeID`, `ingredientID`) VALUES (3, 91);
INSERT INTO `recipe_app`.`Recipe_has_Ingredient` (`recipeID`, `ingredientID`) VALUES (4, 44);
INSERT INTO `recipe_app`.`Recipe_has_Ingredient` (`recipeID`, `ingredientID`) VALUES (5, 13);
INSERT INTO `recipe_app`.`Recipe_has_Ingredient` (`recipeID`, `ingredientID`) VALUES (5, 55);
INSERT INTO `recipe_app`.`Recipe_has_Ingredient` (`recipeID`, `ingredientID`) VALUES (6, 1);
INSERT INTO `recipe_app`.`Recipe_has_Ingredient` (`recipeID`, `ingredientID`) VALUES (6, 4);
INSERT INTO `recipe_app`.`Recipe_has_Ingredient` (`recipeID`, `ingredientID`) VALUES (6, 29);
INSERT INTO `recipe_app`.`Recipe_has_Ingredient` (`recipeID`, `ingredientID`) VALUES (6, 46);
INSERT INTO `recipe_app`.`Recipe_has_Ingredient` (`recipeID`, `ingredientID`) VALUES (6, 94);
INSERT INTO `recipe_app`.`Recipe_has_Ingredient` (`recipeID`, `ingredientID`) VALUES (7, 94);
INSERT INTO `recipe_app`.`Recipe_has_Ingredient` (`recipeID`, `ingredientID`) VALUES (7, 58);
INSERT INTO `recipe_app`.`Recipe_has_Ingredient` (`recipeID`, `ingredientID`) VALUES (7, 87);
INSERT INTO `recipe_app`.`Recipe_has_Ingredient` (`recipeID`, `ingredientID`) VALUES (7, 95);
INSERT INTO `recipe_app`.`Recipe_has_Ingredient` (`recipeID`, `ingredientID`) VALUES (7, 71);
INSERT INTO `recipe_app`.`Recipe_has_Ingredient` (`recipeID`, `ingredientID`) VALUES (7, 5);
INSERT INTO `recipe_app`.`Recipe_has_Ingredient` (`recipeID`, `ingredientID`) VALUES (7, 1);
INSERT INTO `recipe_app`.`Recipe_has_Ingredient` (`recipeID`, `ingredientID`) VALUES (7, 96);
INSERT INTO `recipe_app`.`Recipe_has_Ingredient` (`recipeID`, `ingredientID`) VALUES (7, 55);
INSERT INTO `recipe_app`.`Recipe_has_Ingredient` (`recipeID`, `ingredientID`) VALUES (8, 95);
INSERT INTO `recipe_app`.`Recipe_has_Ingredient` (`recipeID`, `ingredientID`) VALUES (9, 89);
INSERT INTO `recipe_app`.`Recipe_has_Ingredient` (`recipeID`, `ingredientID`) VALUES (9, 59);
INSERT INTO `recipe_app`.`Recipe_has_Ingredient` (`recipeID`, `ingredientID`) VALUES (9, 1);

COMMIT;


-- -----------------------------------------------------
-- Data for table `recipe_app`.`Recipe_is_a_Type_of_Meal`
-- -----------------------------------------------------
START TRANSACTION;
USE `recipe_app`;
INSERT INTO `recipe_app`.`Recipe_is_a_Type_of_Meal` (`recipeID`, `typeOfMealID`) VALUES (recipeID, typeOfMealID);
INSERT INTO `recipe_app`.`Recipe_is_a_Type_of_Meal` (`recipeID`, `typeOfMealID`) VALUES (1, 6);
INSERT INTO `recipe_app`.`Recipe_is_a_Type_of_Meal` (`recipeID`, `typeOfMealID`) VALUES (1, 8);
INSERT INTO `recipe_app`.`Recipe_is_a_Type_of_Meal` (`recipeID`, `typeOfMealID`) VALUES (2, 2);
INSERT INTO `recipe_app`.`Recipe_is_a_Type_of_Meal` (`recipeID`, `typeOfMealID`) VALUES (2, 3);
INSERT INTO `recipe_app`.`Recipe_is_a_Type_of_Meal` (`recipeID`, `typeOfMealID`) VALUES (2, 10);
INSERT INTO `recipe_app`.`Recipe_is_a_Type_of_Meal` (`recipeID`, `typeOfMealID`) VALUES (3, 6);
INSERT INTO `recipe_app`.`Recipe_is_a_Type_of_Meal` (`recipeID`, `typeOfMealID`) VALUES (4, 25);
INSERT INTO `recipe_app`.`Recipe_is_a_Type_of_Meal` (`recipeID`, `typeOfMealID`) VALUES (5, 5);
INSERT INTO `recipe_app`.`Recipe_is_a_Type_of_Meal` (`recipeID`, `typeOfMealID`) VALUES (5, 8);
INSERT INTO `recipe_app`.`Recipe_is_a_Type_of_Meal` (`recipeID`, `typeOfMealID`) VALUES (6, 3);
INSERT INTO `recipe_app`.`Recipe_is_a_Type_of_Meal` (`recipeID`, `typeOfMealID`) VALUES (6, 13);
INSERT INTO `recipe_app`.`Recipe_is_a_Type_of_Meal` (`recipeID`, `typeOfMealID`) VALUES (7, 3);
INSERT INTO `recipe_app`.`Recipe_is_a_Type_of_Meal` (`recipeID`, `typeOfMealID`) VALUES (7, 13);
INSERT INTO `recipe_app`.`Recipe_is_a_Type_of_Meal` (`recipeID`, `typeOfMealID`) VALUES (8, 8);
INSERT INTO `recipe_app`.`Recipe_is_a_Type_of_Meal` (`recipeID`, `typeOfMealID`) VALUES (9, 2);
INSERT INTO `recipe_app`.`Recipe_is_a_Type_of_Meal` (`recipeID`, `typeOfMealID`) VALUES (9, 3);
INSERT INTO `recipe_app`.`Recipe_is_a_Type_of_Meal` (`recipeID`, `typeOfMealID`) VALUES (10, 3);
INSERT INTO `recipe_app`.`Recipe_is_a_Type_of_Meal` (`recipeID`, `typeOfMealID`) VALUES (11, 6);
INSERT INTO `recipe_app`.`Recipe_is_a_Type_of_Meal` (`recipeID`, `typeOfMealID`) VALUES (11, 8);
INSERT INTO `recipe_app`.`Recipe_is_a_Type_of_Meal` (`recipeID`, `typeOfMealID`) VALUES (12, 3);
INSERT INTO `recipe_app`.`Recipe_is_a_Type_of_Meal` (`recipeID`, `typeOfMealID`) VALUES (13, 13);
INSERT INTO `recipe_app`.`Recipe_is_a_Type_of_Meal` (`recipeID`, `typeOfMealID`) VALUES (13, 3);
INSERT INTO `recipe_app`.`Recipe_is_a_Type_of_Meal` (`recipeID`, `typeOfMealID`) VALUES (14, 3);
INSERT INTO `recipe_app`.`Recipe_is_a_Type_of_Meal` (`recipeID`, `typeOfMealID`) VALUES (15, 3);
INSERT INTO `recipe_app`.`Recipe_is_a_Type_of_Meal` (`recipeID`, `typeOfMealID`) VALUES (16, 2);
INSERT INTO `recipe_app`.`Recipe_is_a_Type_of_Meal` (`recipeID`, `typeOfMealID`) VALUES (16, 3);
INSERT INTO `recipe_app`.`Recipe_is_a_Type_of_Meal` (`recipeID`, `typeOfMealID`) VALUES (17, 14);
INSERT INTO `recipe_app`.`Recipe_is_a_Type_of_Meal` (`recipeID`, `typeOfMealID`) VALUES (18, 9);
INSERT INTO `recipe_app`.`Recipe_is_a_Type_of_Meal` (`recipeID`, `typeOfMealID`) VALUES (19, 4);
INSERT INTO `recipe_app`.`Recipe_is_a_Type_of_Meal` (`recipeID`, `typeOfMealID`) VALUES (20, 6);
INSERT INTO `recipe_app`.`Recipe_is_a_Type_of_Meal` (`recipeID`, `typeOfMealID`) VALUES (21, 2);
INSERT INTO `recipe_app`.`Recipe_is_a_Type_of_Meal` (`recipeID`, `typeOfMealID`) VALUES (22, 3);
INSERT INTO `recipe_app`.`Recipe_is_a_Type_of_Meal` (`recipeID`, `typeOfMealID`) VALUES (23, 8);
INSERT INTO `recipe_app`.`Recipe_is_a_Type_of_Meal` (`recipeID`, `typeOfMealID`) VALUES (24, 3);
INSERT INTO `recipe_app`.`Recipe_is_a_Type_of_Meal` (`recipeID`, `typeOfMealID`) VALUES (25, 3);
INSERT INTO `recipe_app`.`Recipe_is_a_Type_of_Meal` (`recipeID`, `typeOfMealID`) VALUES (26, 12);
INSERT INTO `recipe_app`.`Recipe_is_a_Type_of_Meal` (`recipeID`, `typeOfMealID`) VALUES (26, 2);
INSERT INTO `recipe_app`.`Recipe_is_a_Type_of_Meal` (`recipeID`, `typeOfMealID`) VALUES (26, 3);
INSERT INTO `recipe_app`.`Recipe_is_a_Type_of_Meal` (`recipeID`, `typeOfMealID`) VALUES (27, 11);
INSERT INTO `recipe_app`.`Recipe_is_a_Type_of_Meal` (`recipeID`, `typeOfMealID`) VALUES (27, 2);
INSERT INTO `recipe_app`.`Recipe_is_a_Type_of_Meal` (`recipeID`, `typeOfMealID`) VALUES (27, 3);
INSERT INTO `recipe_app`.`Recipe_is_a_Type_of_Meal` (`recipeID`, `typeOfMealID`) VALUES (28, 11);
INSERT INTO `recipe_app`.`Recipe_is_a_Type_of_Meal` (`recipeID`, `typeOfMealID`) VALUES (28, 2);
INSERT INTO `recipe_app`.`Recipe_is_a_Type_of_Meal` (`recipeID`, `typeOfMealID`) VALUES (28, 3);

COMMIT;


-- -----------------------------------------------------
-- Data for table `recipe_app`.`Type_of_Food`
-- -----------------------------------------------------
START TRANSACTION;
USE `recipe_app`;
INSERT INTO `recipe_app`.`Type_of_Food` (`id`, `Type`) VALUES (1, 'Vegetable');
INSERT INTO `recipe_app`.`Type_of_Food` (`id`, `Type`) VALUES (2, 'Fruit');
INSERT INTO `recipe_app`.`Type_of_Food` (`id`, `Type`) VALUES (3, 'Grain');
INSERT INTO `recipe_app`.`Type_of_Food` (`id`, `Type`) VALUES (4, 'Legume');
INSERT INTO `recipe_app`.`Type_of_Food` (`id`, `Type`) VALUES (5, 'Nut or Seed');
INSERT INTO `recipe_app`.`Type_of_Food` (`id`, `Type`) VALUES (6, 'Dairy');
INSERT INTO `recipe_app`.`Type_of_Food` (`id`, `Type`) VALUES (7, 'Meat');
INSERT INTO `recipe_app`.`Type_of_Food` (`id`, `Type`) VALUES (8, 'Seafood');
INSERT INTO `recipe_app`.`Type_of_Food` (`id`, `Type`) VALUES (9, 'Herb or Spice');
INSERT INTO `recipe_app`.`Type_of_Food` (`id`, `Type`) VALUES (10, 'Baked Good');
INSERT INTO `recipe_app`.`Type_of_Food` (`id`, `Type`) VALUES (11, 'Oil');
INSERT INTO `recipe_app`.`Type_of_Food` (`id`, `Type`) VALUES (12, 'Condiment');
INSERT INTO `recipe_app`.`Type_of_Food` (`id`, `Type`) VALUES (13, 'Garnish');
INSERT INTO `recipe_app`.`Type_of_Food` (`id`, `Type`) VALUES (14, 'Alcohol');

COMMIT;


-- -----------------------------------------------------
-- Data for table `recipe_app`.`Type_of_Meal`
-- -----------------------------------------------------
START TRANSACTION;
USE `recipe_app`;
INSERT INTO `recipe_app`.`Type_of_Meal` (`id`, `Type`) VALUES (1, 'Breakfast');
INSERT INTO `recipe_app`.`Type_of_Meal` (`id`, `Type`) VALUES (2, 'Lunch');
INSERT INTO `recipe_app`.`Type_of_Meal` (`id`, `Type`) VALUES (3, 'Dinner');
INSERT INTO `recipe_app`.`Type_of_Meal` (`id`, `Type`) VALUES (4, 'Snack');
INSERT INTO `recipe_app`.`Type_of_Meal` (`id`, `Type`) VALUES (5, 'Tea');
INSERT INTO `recipe_app`.`Type_of_Meal` (`id`, `Type`) VALUES (6, 'Dessert');
INSERT INTO `recipe_app`.`Type_of_Meal` (`id`, `Type`) VALUES (7, 'Appetizer');
INSERT INTO `recipe_app`.`Type_of_Meal` (`id`, `Type`) VALUES (8, 'Bread');
INSERT INTO `recipe_app`.`Type_of_Meal` (`id`, `Type`) VALUES (9, 'Beer');
INSERT INTO `recipe_app`.`Type_of_Meal` (`id`, `Type`) VALUES (10, 'Brunch');
INSERT INTO `recipe_app`.`Type_of_Meal` (`id`, `Type`) VALUES (11, 'Pasta, Noodles');
INSERT INTO `recipe_app`.`Type_of_Meal` (`id`, `Type`) VALUES (12, 'Salad');
INSERT INTO `recipe_app`.`Type_of_Meal` (`id`, `Type`) VALUES (13, 'Soup, Stew, Chili');
INSERT INTO `recipe_app`.`Type_of_Meal` (`id`, `Type`) VALUES (14, 'Cocktail');
INSERT INTO `recipe_app`.`Type_of_Meal` (`id`, `Type`) VALUES (15, 'Cider');
INSERT INTO `recipe_app`.`Type_of_Meal` (`id`, `Type`) VALUES (16, 'Coffee');
INSERT INTO `recipe_app`.`Type_of_Meal` (`id`, `Type`) VALUES (17, 'Eggnog');
INSERT INTO `recipe_app`.`Type_of_Meal` (`id`, `Type`) VALUES (18, 'Hot chocolate');
INSERT INTO `recipe_app`.`Type_of_Meal` (`id`, `Type`) VALUES (19, 'Juice');
INSERT INTO `recipe_app`.`Type_of_Meal` (`id`, `Type`) VALUES (20, 'Lemonade');
INSERT INTO `recipe_app`.`Type_of_Meal` (`id`, `Type`) VALUES (21, 'Liqueur');
INSERT INTO `recipe_app`.`Type_of_Meal` (`id`, `Type`) VALUES (22, 'Mocktail');
INSERT INTO `recipe_app`.`Type_of_Meal` (`id`, `Type`) VALUES (23, 'Mulled wine');
INSERT INTO `recipe_app`.`Type_of_Meal` (`id`, `Type`) VALUES (24, 'Punch');
INSERT INTO `recipe_app`.`Type_of_Meal` (`id`, `Type`) VALUES (25, 'Sangria');
INSERT INTO `recipe_app`.`Type_of_Meal` (`id`, `Type`) VALUES (26, 'Shake, Float');
INSERT INTO `recipe_app`.`Type_of_Meal` (`id`, `Type`) VALUES (27, 'Slushie');
INSERT INTO `recipe_app`.`Type_of_Meal` (`id`, `Type`) VALUES (28, 'Smoothie');
INSERT INTO `recipe_app`.`Type_of_Meal` (`id`, `Type`) VALUES (29, 'Tea');

COMMIT;




